{
  "eye": {
    "orientation": [
      0.18723922967910767,
      -0.7434683442115784,
      0.00997859239578247,
      -0.6419475674629211
    ],
    "magnitude": 1,
    "position": [
      608.2774047851562,
      662.2984619140625,
      102.7309341430664
    ]
  },
  "radius": 793.2212524414062,
  "type": "PERSPECTIVE"
}