{
  "eye": {
    "orientation": [
      0.39786121249198914,
      -0.737921416759491,
      -0.4838719069957733,
      -0.2510905861854553
    ],
    "magnitude": 1,
    "position": [
      598.518310546875,
      423.7654113769531,
      467.08056640625
    ]
  },
  "radius": 793.2212524414062,
  "type": "PERSPECTIVE"
}